0.5657732957312092, 0.028198914580121803
-0.029075648301963852, 0.8668111777334138
0.3697236306716083, -0.6560316887496562
-0.6713126259079472, 0.4080625814056431
-0.8449619936290662, 0.32345685364466514
-0.5082833697626961, 0.29268180974031455
-0.42606587882863556, 0.17911493058342964
0.12992828836852377, -0.42347902402348825
0.933005074259307, 0.024480337035935218
-0.17420368904891248, 0.6471838814004585
0.20447581255078506, -0.6941492194923702
0.08753857162164125, -0.9856808865829565
0.2230304620638759, 0.8594534455588223
-0.47770944740141896, -0.8320683310189978
0.6388839810501765, -0.2663655512132852
0.7805932141139336, -0.450389035994035
0.48014890979979175, -0.22609400491756082
-0.2969892261951783, -0.7302790658150491
0.2796135643229072, -0.7254425563575311
0.6888886908823695, -0.2472232482149075
-0.021757306486613892, -0.5290820242499201
-0.13063850867891924, 0.5131585702810995
-0.06158753672700823, -0.7471484404924211
0.2854032223317544, 0.8157042598241029
-0.30081991931425733, 0.9046386310175005
0.28557709579344026, 0.5182821850432076
0.07334891105279517, -0.06465803661649794
0.5201391221960145, 0.7400218120603841
0.05419098370680242, -0.27640821406790406
0.4216718220076401, 0.1932573226402805
-0.6274058376708231, -0.6231508012775515
-0.021620185517043478, -0.009272549027504517
0.1843684960538614, 0.5767587949560846
0.8447809855079356, -0.15414107179029157
-0.037165329879154996, -0.6691032091934972
-0.3092414020031691, 0.3567742478678435
-0.29265083122962454, 0.4750085619218125
0.10837175451455483, 0.5607575768332766
0.08807283172916103, 0.10627732710168147
0.12478925157861886, 0.16695687804313986
-0.8103700646736747, 0.2083284378409418
0.7615751168746083, -0.19050016652040314
0.40231051193011713, -0.19004894715648457
-0.2069235471395583, -0.6808503810000928
0.4204647164459776, 0.3008097442212807
-0.47108576046999606, -0.47998914173549156
0.4984353295622075, 0.03996156027608255
-0.18813070429932854, -0.6186417745789123
-0.20170765144593128, 0.6715486528273842
-0.4646099630711553, -0.8744573863738816
0.6815657069541312, 0.46727694101029416
0.7542011151865238, 0.5253134528416787
-0.38583960901668757, -0.5204741824668426
-0.6539216822580476, -0.19306841272678898
-0.43711561922982733, -0.5429137678303082
-0.6351561401359767, 0.6118209723489081
0.3668025203257357, 0.7226472247419853
0.29482009961323774, 0.6056399977372602
-0.5687970995426144, 0.5907619448410268
-0.34349732391602394, -0.47759793064803424
-0.9051087362769872, 0.2762100800564167
0.5322659528840887, 0.16597314259736407
-0.4952074453447548, 0.36028542333811475
0.5094074456098794, 0.6059937306788918
-0.35887817841660663, 0.5725546746588128
-0.32212744186389086, -0.21639631251285674
-0.061777262591512505, -0.5335573964279019
0.34145526406907, 0.8888080611447611
-0.5654559230165934, -0.7705396282759225
0.9694240314792175, -0.1907027335912279
0.3973078586029164, -0.024273500291990935
0.05368237220647476, -0.17352053021876213
-0.7890814301594207, 0.3556682680926211
-0.7451569092427073, 0.16452636629810713
0.24217453707962333, 0.40675245540274285
0.08671028241327394, 0.14997337834280056
0.5371324924705403, -0.2581817127379653
-0.10376602335858642, 0.12764206828527258
-0.6203786081118401, -0.13962222278198322
-0.3177615099114466, 0.38424092740601035
-0.1496131957975544, 0.6603520562128435
-0.5915652789491606, 0.6702754843314433
-0.48330629469145703, -0.47066654425145726
-0.3918593895706102, 0.43587537145773014
0.26270019798255917, 0.8996301392879493
0.5920900351162388, -0.2034973397944384
-0.47073933551770986, 0.6916464646840463
0.9271801577798058, -0.02421950260753314
-0.6367712074854341, 0.7201728170545219
-0.4918883451711382, -0.783703103906261
-0.021659573421776823, -0.9786390439447628
0.23575847226450786, 0.2452417598774823
-0.3506981151040627, 0.8679839633005584
0.19409241338218797, 0.8609955727210175
0.43820649988461624, 0.30406157458787453
-0.6223592642117899, -0.6689816737026721
-0.6410422474840167, 0.4057452111443063
0.4552961988316757, -0.6159796950509699
-0.3944519621288023, -0.6561044492107875
0.377035365114303, -0.47157766704727044
-0.7564395985099748, -0.1466132212632607
0.3554160519874596, -0.807692788160983
-0.2219764096300778, 0.9533226605994114
-0.5250826695475459, -0.30352164764767253
-0.08157966015118645, -0.03829067156514743
-0.12001802343223122, 0.8314611840006976
0.41730033567111, -0.8816669390155567
-0.8207526895286792, -0.3115029196691952
-0.3358852137759425, 0.5790301725996485
-0.4479894720970119, -0.051298881896018056
-0.7506329455986864, 0.02377300847690056
-0.6138182407998647, 0.37400872891753045
0.01788268165876672, 0.6770560720462175
-0.5883673943787047, 0.07070302387991556
0.6394667353126537, 0.545588918651978
-0.0932769841761425, -0.3430239862826623
0.10441555387302803, -0.9469892206223762
-0.29425382795142374, -0.862273478792734
0.8626428730720916, 0.023771772093825083
-0.5513610466873342, 0.018706680648040708
0.31815711979439865, 0.34186409505545634
-0.23803777891378242, 0.8551814593683282
0.3301571366589018, -0.31061995013399635
0.6016295512733056, 0.46153858348760957
-0.31160089699677274, 0.5904630155217874
-0.2503259420777162, -0.3419933605522272
-0.5288732942136507, -0.5657352843666439
-0.37539146810295443, 0.15168299348760095
-0.22042802270042072, 0.7047201663646478
-0.5827334625559046, -0.38597352445088573
-0.5340530419784837, 0.11658928490597131
-0.026441161405377445, -0.353495257850472
0.4183793681619883, 0.3148295409960564
-0.02743849923937791, 0.09413635336379622
-0.025749051735091344, 0.5655128370834284
-0.4984040648950041, -0.1237792915329563
0.6036609903785393, -0.12379038386359276
-0.5198824877754309, 0.1237981711578231
-0.04542888506969933, -0.5909042894517105
-0.19302381180047412, -0.6499643794335284
0.19405824029740715, -0.23050306757770644
0.3748436124256995, 0.4505100469402581
0.6736237449873079, -0.5672870014664209
-0.10900899299818656, -0.4535070074784726
-0.8284759584063437, -0.3483430692834584
0.5754253746217259, -0.059186942131175924
-0.5575757956365099, 0.7168500311273496
-0.22955957056823273, -0.6455143731754953
-0.2959049056253862, 0.42474950811999346
0.2120325531685603, -0.4973874154256732
-0.216226211705554, -0.47085052115907366
-0.627499475932632, 0.009324215756498555
0.3085048115852682, -0.6681685073261532
-0.011660010518253605, 0.09560200923568529
0.33745210441351725, -0.31897423248397105
0.42501234368681007, -0.24100155657627353
-0.687151811479934, 0.4535140744240045
0.21247939967466944, -0.7368162741227335
-0.23464854979966954, 0.11906716949036089
-0.5383317766607307, -0.7655327254336619
0.3724107477981744, 0.6531956014555123
0.2797087092922286, 0.631272891281756
-0.39073319262234296, -0.40088741792973304
-0.78368371177943, -0.39383689377320263
0.25138171651624885, 0.7678863378053249
0.9337058009328012, 0.023429859445595724
0.1787028382353082, -0.7894205585121492
0.9319046193498519, -0.06053049730055249
0.11255645430862615, 0.44271237815538966
0.44301058858046827, 0.06416936729254097
0.28062746885070844, -0.7822755689926648
-0.5225171772785351, 0.7875229477252124
0.7917166791392876, 0.1286439147447782
0.23412871284429304, 0.6898046021254474
0.30404578393575177, 0.7607186827628478
-0.0510856835476905, 0.06730965058481608
-0.7297179683680506, 0.5207719475754635
-0.6853620643891987, -0.014424534391351385
-0.32182183967113454, 0.2030151647501377
0.14719363715153655, 0.25587297917199026
0.4875744173519567, -0.14543850141191839
-0.7526320809728493, -0.5450411191399509
-0.5335125959357958, 0.2715709943810509
-0.24076173426223058, 0.1528472016777529
-0.4198307982599696, -0.814799682483212
0.37388534344608937, -0.25536360272716574
-0.008593991209693952, -0.779366113140098
-0.058678010877689424, 0.32345618627924067
-0.025811342333155185, 0.4895633717204404
-0.3615636261259283, -0.2901787717398363
0.0435987637398112, -0.2141873998633026
-0.6414922585694534, 0.7515156846689821
-0.5459971526565992, 0.5938386767734054
0.684287793821281, -0.19797702848394616
-0.6104060555092248, 0.7183120631469986
0.6629712704741135, -0.26573088092504316
-0.0005129332303579481, 0.04395421544212352
-0.12930182661462997, 0.5441915131213553
0.8456448410364972, -0.37007557481705056
-0.5410345632045823, -0.05406767729826112
-0.3876430711715444, -0.7853457991372716
-0.26140776008572386, 0.5509425342059786
0.20582670864188923, -0.1894582542432679
0.7060042452032835, -0.4254367390773395
0.835493128943658, -0.3123846555361782
0.5134629483298323, 0.13672256794071402
-0.5859725733035914, 0.451776036454663
-0.4061333457456624, 0.43332237449582744
-0.5435291891128455, 0.14680044414120297
-0.6896047016939106, 0.22741279309926066
-0.5449597421418322, -0.18083078774793782
0.6484828584788644, -0.05938579171997249
0.5167676778114381, -0.012617882242243583
-0.062220340016936326, -0.21604441223820658
-0.22467566070703637, -0.16164602139897433
-0.2587505195064541, 0.53302181617227
-0.3622451438304408, 0.6693965501796202
0.06283412909449915, 0.5965269676746432
0.3457052336681088, 0.4713133597009245
-0.25207418352215916, -0.7806874058865652
0.03325557652095856, -0.5575922838552636
-0.9356965929581091, 0.26092111745476343
0.8422098342402686, -0.2762951418220383
-0.1274930322994341, -0.9646838578865444
0.8089262841625946, -0.13912729799867396
-0.18696469510706537, -0.6450686875559661
-0.5511909716798304, 0.09842370364757591
-0.5420739990423451, -0.42092229605759823
0.35212155308025683, 0.7368438383968714
-0.6260692863571578, -0.7072052959316812
-0.4765509340705958, 0.037658076174728716
-0.08982903109818086, -0.4092533389115156
-0.1171624622505838, -0.7213594621004966
-0.47148986249901204, 0.26210257596619413
0.5230207667739317, -0.5760454920792104
0.28467798853004633, -0.7495923371018309
0.5151130752951469, -0.4935249428001738
-0.481453588818171, 0.39179924944515854
-0.4160571605374308, 0.022532580663302326
0.355866654135677, 0.42876559211461274
0.5125364542808422, 0.7218419448840825
-0.5462213317856381, 0.5713412631841381
0.017413897428834035, -0.5173306826957562
0.5709376473767285, -0.1349142610928027
0.2866446382255856, 0.44991204800046813
0.4240939629936078, -0.4504695717053231
-0.4209517569556265, 0.8029599455287229
-0.38157197715846736, 0.2777599844540788
0.5034665946456529, 0.5936341831576488
0.8766617345533796, -0.25001551505508
0.01889116686937342, -0.39238381325063254
-0.5153152259836731, -0.6717412432829413
0.1747788796968155, -0.1301006566769285
0.2336617428194132, 0.8600152049921499
-0.5967989432343752, 0.34561874784850066
-0.0628113444099867, -0.3001645036838012
-0.38208796431738135, -0.6496975550996118
-0.3898874374068195, -0.7130824188903275
-0.043288234453262575, -0.6358937995415286
-0.44774833350649224, 0.8333496806299183
-0.32311025019161654, -0.8809846097164611
0.6733753341397386, -0.7229391119059159
0.12136025258051908, -0.33322872168403994
0.7634688080596681, 0.08802412521222625
-0.22994751655728018, -0.9043016462589497
0.010325245007305028, -0.5357822762324977
-0.9300334231319676, 0.29053479733011733
0.37985611018859555, 0.4152265149251386
-0.20991920877471082, 0.21574035331746155
-0.27432477166678626, -0.6149355180250111
-0.6410207827788148, -0.07267922505729718
0.4132360148936969, -0.024534990218667785
-0.2462615937778907, -0.24977627718072615
-0.3819776791203424, -0.46662788725131565
0.5083193114067621, -0.4209357394871509
-0.27979766349608814, -0.04131193448411752
-0.15059292945239267, -0.5232335362535172
-0.11566445400833847, 0.22275321975000417
0.2815240807836241, 0.5742716290528529
-0.4618973102968167, -0.012468540662975647
0.04889356683075596, -0.6802423270865801
0.7690484417927919, 0.4913299103762301
0.8617129407092965, 0.2525354903309205
0.17700668245722384, 0.9070360915732256
0.12342643267911124, 0.5253270178071794
-0.27849088906301045, -0.3542372929768043
0.8074441108762427, -0.20154382587957476
-0.24104113857755638, -0.018256405981352586
-0.6250183700206999, -0.6344650179162752
-0.12867513789031504, 0.0733427535554163
0.21889182084462644, 0.9167614088570584
-0.31816223031832935, -0.7854732823341646
-0.5696456560560812, -0.27292427212335113
0.28080078033953537, 0.11593548486869287
-0.593560666135976, 0.42056897836912643
-0.802941644646942, 0.3792147603768756
0.29680945847087004, -0.273372520217656
-0.10593866641640615, -0.131995042721601
-0.005674624712369125, 0.5158530440922446
-0.32558711384512407, 0.41666063938984443
-0.4441203682574535, -0.5458548995041848
0.4434966195146872, 0.7353752663502258
-0.2379351181196374, 0.40052987154023856
-0.8328168834681551, -0.3050139290888043
0.6220591842901686, 0.5079579183596354
0.8897839495360809, -0.009489146750475408
-0.406554756937346, 0.2023930677313437
0.6540105484991114, 0.5995959212103785
0.0741616129659961, 0.7434324706035718
0.7999881721052671, 0.42132993758027304
-0.4221201758329227, -0.568339143559847
-0.8402162769439612, 0.11042941783364846
0.6226845812827377, -0.5522430535507172
-0.46494122202434784, -0.47489258889593255
-0.8530679112157853, 0.016740554406448505
0.012591466074827196, 0.25070588525047977
0.38437456921904345, 0.787529410926026
-0.24095304581255106, 0.9464128934390423
-0.6035267829947017, -0.29517975400385854
0.7944305272406729, -0.4510698517846625
-0.5538136518115522, 0.024808149748857256
-0.03592386837596617, 0.8684743774484869
-0.4557006323608537, -0.11952216965701168
-0.3936541913759204, 0.2190850836676148
0.10658499541235056, -0.13242970993076963
0.2712269440524542, 0.24116345544153628
-0.2409619840435533, 0.4515339464790662
0.20949482265044805, 0.2502882793466519
-0.36717937209223384, 0.8011231480335181
-0.5777357475262539, 0.41041429185417777
-0.7883886570242802, -0.18357275974242948
-0.4070866185068056, -0.7586018870367421
-0.036557280296752204, 0.654794363808596
0.13361265397690025, -0.3729784706630339
-0.3662718414692594, -0.08559573841703605
-0.5074212834112817, -0.6146592574853156
-0.3928867895810657, 0.07791280096793285
0.29451785081523885, -0.3120746220428188
0.3343427976464457, 0.6349368476902648
-0.6890415224421427, 0.6805447075058322
-0.1541404294219022, -0.000920649104824367
0.014833478184720361, 0.1378427597314893
0.32870368731872146, 0.1361567467428848
-0.5746377202421153, 0.6172018782040547
-0.802764183486171, 0.4297903235526215
0.9208853040041707, 0.30602655216952557
0.4363471445549183, 0.7464390692936735
-0.18774905096598737, -0.7680796848224942
0.5487580268750634, 0.813701142126072
0.13206851260480068, 0.2642284379913509
0.20798728512900544, -0.665657257495953
-0.4181805181555993, -0.34824093848284976
0.6744929993142812, 0.7234968363927075
0.5621445878463871, -0.48240632287504925
0.26331755881732954, 0.4336079165982467
0.6449670021513376, -0.09347033248310055
0.2707370310209407, -0.9350573316189539
-0.13919583411948744, 0.940204207019921
0.4292965835053866, -0.8417349812424455
-0.5699559943257542, -0.7630004870190636
-0.6591103974703478, -0.262621985726025
0.1457016717636508, 0.022434312793099487
-0.7708483917620714, 0.09733719115380124
0.681962388128297, 0.1921667849236688
0.10209143267291276, -0.6574487936538236
-0.47335824494946244, 0.6601554524628543
0.10603728142104463, -0.88320371349465
0.0800872900187819, 0.14564836861505737
0.46200920607336693, 0.524906572563641
-0.2155578264687208, -0.5595652774749189
0.6158726372400674, -0.5978517544870439
-0.20196708655180573, -0.5393871254882789
-0.3079857831468682, 0.4214727610714952
0.015311939613735337, 0.25038260632926534
0.06079495913662902, -0.5470852992309325
-0.6192267875066102, -0.7249433155373177
-0.017997722604115474, -0.9289276737861036
-0.8862588959124216, 0.03783962852279754
0.14164520687738458, 0.5924996343531135
-0.5193458668026485, 0.6574366186421323
0.47001156571080505, 0.6775974904350621
-0.7456431754320128, -0.3584522802054062
0.9293129139213265, -0.046208195559444665
-0.48632694332520465, 0.5327018454922536
0.10131985617904604, 0.19299588182836103
0.49340985250265845, 0.5356480555653718
0.5732611404608925, -0.7388043900376675
0.6606748976453674, -0.2827235392194489
-0.7662482953204368, -0.09328416929163197
-0.25029301532468606, -0.2784911233869174
0.13745396001343013, 0.647495959267302
-0.08937967144696413, 0.287386463700652
-0.18858670944496958, 0.242383872846621
-0.3738763232780191, 0.6405822066883542
-0.8465503164567176, 0.5127949302813646
-0.8208806667170336, -0.17062856039970664
0.013104554134603097, -0.030808995971973285
0.020763753324433143, 0.3403550069333252
-0.20393621973807918, 0.22235051313483334
0.3665083630783943, -0.5030914146885783
0.2368916840144799, -0.5784312747644671
-0.4377814694279212, -0.11955910931654112
0.8432955449719526, 0.2447762541169496
0.10556439946355534, -0.37307124292075744
-0.3900354336321481, 0.42073072523508603
-0.3748155393114887, -0.05419758855483847
0.6250906518694272, 0.09683858890607189
0.6983968977869601, -0.1750737119987631
0.47424648033350314, -0.3895665544551741
-0.7206926008350572, 0.35659922548665324
-0.6162721214284883, 0.49710687254190056
0.9819429772765969, 0.1715242944464992
-0.45012903167835705, -0.8887955415385189
-0.38539506014949665, 0.09230104055916333
0.5338970015700795, 0.7118188808884001
0.1709413463794036, -0.8066008884546234
0.27743486598894274, 0.5222177028530774
0.7057167699663291, 0.654183213399754
0.15275816861485159, -0.25470750874067316
0.29004407364672535, -0.2402693419988997
-0.6118914315611033, 0.5141458389861182
0.31033104203113915, 0.21186238489799303
-0.008928434532896379, 0.8787303026769004
0.3558398221700876, 0.6882647776466009
-0.3678658594673523, 0.5160362692128388
0.3098332690380863, 0.6567400254864628
-0.3504502421636517, -0.1424618430149256
0.7103922198030788, -0.3626113016952608
-0.6067621497079834, -0.3696890529198611
0.4366730180659095, -0.1839644507267686
-0.7478777839507442, 0.019444712084788263
-0.4995887646190622, 0.6203183997803534
0.695330421817911, -0.6027881918964872
-0.6543234934497348, 0.2745957658560174
0.44286728743756076, -0.7549621629814836
-0.5915766654288579, 0.04230241058602369
0.12656004329947912, 0.6337965933900029
0.11854819791127258, -0.7462163284130146
-0.07115898711713564, -0.04481206043489783
0.031754957042490206, -0.7466727616513718
0.2336912907647266, -0.750006393731127
-0.05423884872537821, 0.7582826812598109
-0.22138223181570216, 0.9269565415676111
-0.4931335417425917, 0.148073449205397
-0.30863970367006766, 0.11879594487197065
0.20580999190733196, 0.2275028891571813
0.6806749453613077, 0.6487898563630385
0.6653234065026896, 0.28850143884073676
-0.4060970560620796, 0.8424166804725044
0.557446853014046, -0.4212812214770223
0.44406803243491755, -0.2674259339807372
-0.20211971726472444, -0.9548646825815892
-0.9676691922565395, -0.17552903863179048
0.13789601031369303, -0.8162624932327078
0.8937183584613428, -0.27093067709027663
-0.389228957883593, 0.2001328124452133
0.04553735636557188, -0.8010160611164077
-0.859263684309227, -0.29984939764509977
-0.8707538312376228, 0.20316482975417394
0.4286353523789992, 0.7693994622387699
0.22136698485024775, -0.6799526713452622
0.12910312433192406, 0.625516627738447
0.43120757391306963, -0.7312968907615471
-0.053698013129688915, 0.3299757512823085
-0.6941597658194063, 0.6785809605787316
0.19358604735313856, 0.9226134979791218
-0.6384150699811642, 0.2576610985347494
0.11007918243883497, 0.2737488432822959
-0.21596552883694176, -0.8056981906352789
0.26889603251669536, -0.7252839357753758
-0.7799633275637199, 0.37774031117833773
-0.7686249479157381, -0.3463539596860572
0.4692764105044209, -0.7269011319035354
-0.3658186106035426, -0.6266069959314144
-0.6017400132066144, -0.07177330142256722
0.3538357896813804, -0.7165226774979798
-0.5159457088235, 0.06070894797146531
-0.4181693926610861, 0.3732567501044388
0.03858300856634811, -0.5538361409362738
-0.5292503538151134, 0.10042549532314826
0.43396486213712726, -0.8912228901992625
0.04944343249846628, 0.8547249870192299
0.6892697645646846, 0.6931533510420156
-0.7444022305122804, -0.1779169878761968
0.6473207279483355, 0.31671616184670737
0.21632852448583617, -0.787218430912197
0.5683387299491258, 0.28721352665997557
-0.1710028011828948, -0.5282605156765636
-0.25085624349353264, -0.9132268354928996
0.7457161529863863, 0.07560477566443735
0.08363740068202619, -0.2713166320372802
-0.22400904381092257, 0.2306434889731308
0.28494584673303147, -0.05185156233569499
0.34809844885064245, -0.8677122067544967
-0.3330504195866366, -0.044434481226382605
-0.05826683842721292, 0.6180023036319293
-0.6756831596802215, 0.17955080038528481
-0.5393181873357666, 0.6151192674579138
0.4154203009001214, 0.5019134380722257
0.6886747615344977, 0.3482912884508651
-0.985928784859923, -0.15864327095762354
-0.4651605114985906, -0.787441950458859
0.6039512239280862, -0.13804715429919256
-0.19515153594360868, 0.8325071523637515
0.19694777199658908, -0.575042000902106
0.793100863883019, -0.5152162465602945
-0.6951503883889711, 0.5878036079949343
0.5480671611841086, 0.1352483252774288
0.30914143761752677, -0.7805116101896685
0.5475752868232098, -0.3359964518324159
-0.11109017676024502, -0.28978054908139383
0.9298228078639574, -0.18874659923257497
0.3757903586546192, 0.0085246130883454
-0.49872513060102386, 0.13740918004673697
-0.11969501448490516, -0.009831947284876685
-0.24742637872141637, 0.4634886186629319
-0.0965616005039569, 0.3348522048843805
0.9449613891103368, -0.1320733424257945
0.6945794900659072, -0.3352011879306094
-0.6947129642633905, -0.442537555327259
0.7396914990245615, -0.025405671272743513
0.9114231469375798, -0.0965811088882591
0.6137713048540412, -0.13365720197259368
-0.9383700256508092, 0.33435762138053016
-0.8269361789197911, -0.1242382201998784
-0.4115965317989687, 0.5232597929753404
0.8420503619341031, 0.4706057273603972
-0.06351587920211443, -0.7668806721475436
-0.013988549587297339, -0.9368619085834664
-0.09226504291558713, 0.08759882127572904
-0.742174139776808, 0.21226098976314978
0.8612779496260892, 0.3486134547709734
-0.8680725957990525, -0.20524654698990052
0.5972941518412986, 0.2780137403363512
-0.2736696437715529, -0.12284753410512916
-0.5851320286213293, -0.3518079349580563
-0.6901740094221178, -0.6194986608628248
-0.0905116748086463, 0.9623279587166551
-0.5714113652437343, -0.681569272928237
-0.510615090824567, -0.44035551510566373
-0.5531882132033685, 0.404097673112932
0.8261330704925232, -0.1762722614535801
0.4540321964988898, 0.5923502330605679
0.1528502123611768, -0.15100817389038235
-0.09126627744575466, -0.37317165759563675
0.8305394490563378, -0.34618253636738605
0.21298159320020393, 0.3477796892509437
0.6926725914730134, -0.21626574896649453
0.08872514217800198, 0.2867911103914007
0.7749404180289314, 0.21755589438573475
-0.3318345053805014, -0.660453076186138
0.46099153785866, -0.3237563668069716
0.07110438652141027, -0.6226705536315185
-0.4475167995816689, -0.006083544873208835
0.14677357587070938, 0.2529625255532113
0.18263841047242035, 0.4603279868856298
0.13689035721801646, 0.6596749649889864
0.5502299212072908, -0.4062272697164997
-0.991800050828159, -0.03246524838668541
0.8184625310540621, 0.0848947576992376
0.1883947198310172, -0.6685353716514226
0.5910635864068101, -0.7975833104739205
-0.4582792252885286, -0.726476029737553
-0.14290719042529498, 0.12971395649012396
0.906282219261102, 0.080907139619109
-0.15454286034445386, 0.525282064886603
0.02062904883105543, 0.6739206415291954
0.8025513967753584, -0.36589280228007715
-0.18488288520114948, 0.05262880076539944
-0.2044846485340408, 0.8259722806999437
0.22806989736261252, -0.4895639596939143
-0.10119738134363665, -0.15406146309724722
0.7534258045481301, 0.6438714831630368
-0.1533400049705005, 0.24500679278845516
-0.2628856166963516, -0.3479320574523699
0.09017713078118428, 0.687757174475595
-0.20825748631440866, -0.48087129188331845
-0.4517887581196247, -0.22137058828089695
0.362250986883367, 0.24622865899364932
-0.4415524074178212, 0.6826333852007245
-0.20358597514982169, -0.3736144249920488
-0.33301554792499366, 0.641988427877527
0.2439355558096341, 0.4433688825684643
0.5784561201578724, 0.49619298911242593
0.5044585015862468, 0.47756526316380854
0.8061286277275701, -0.17464277044564103
0.2631356722532092, 0.9368557437187064
0.9006803466131401, 0.4239707736505558
0.0420357037908492, 0.6495494523622487
0.7152910336138452, -0.4218008534260611
-0.018264401091810267, -0.7644925624561079
0.6655908102381196, -0.24355472366072362
-0.09731107297588704, 0.16285499847031049
0.26624642441429813, -0.7656126832670416
0.4118652299560126, 0.38419480563316344
-0.6274918889090693, -0.05474032211756774
-0.40789098946462676, 0.6491749572551102
0.06122498678900201, 0.05531973209864738
0.059101095512541946, -0.26607671861745996
-0.7138755902887981, -0.6261517640169685
-0.12079993818348544, -0.31936403947762404
0.8190463914407187, 0.5657443805089752
0.38842159409634314, 0.6296417452787928
0.5697482645964123, 0.4442725033435193
-0.3162116041643521, 0.48942787168247337
-0.37914206630296476, -0.7830705053158908
-0.640175077693186, 0.05290750923462384
0.6122325305603866, 0.46157346786812203
0.014938167401591596, -0.5191129308346514
-0.90603547173422, 0.019923250632375655
0.02209350595354964, 0.7005787086145705
-0.3946975915711426, 0.37686490264841277
-0.6547803352293737, -0.5885304411315773
-0.107393049881634, 0.45972789905372324
0.25848853245287984, -0.5200000360506629
-0.4301534366932176, -0.5575029431652962
-0.4951903199960346, 0.3580155472553792
0.6757644960363087, -0.6751896979287273
0.4404733102166012, 0.3064690714004552
0.08928701088100222, 0.05904736899472307
-0.3428113578129337, -0.11373232636141006
-0.5418115192000688, -0.6648526754614752
-0.6636896813684878, 0.02621356975302347
-0.10148010826601617, -0.3110743023268083
0.42070462176361745, -0.3634972432741448
-0.3786302704754725, 0.9120949388557993
0.07693371395935511, -0.004486470104861695
-0.1111577772896899, -0.07740612502821254
-0.3156576989801714, -0.47805970412754006
-0.17866646262450558, 0.8174989111737969
0.6095620968426507, 0.0008041427767893072
-0.14726082770420046, -0.12334453558544234
-0.38859533108585476, -0.1388241889955335
0.2790226355305654, 0.032014659655097644
-0.10219533464914776, -0.7631574256024805
-0.05163542549943334, 0.3262427036173039
-0.5784161728638586, 0.7355071784094869
-0.9143084401190407, -0.17528844676324784
0.35573897775368013, 0.07161367683346276
0.4861907546680553, 0.7328753635091341
-0.6349544583351647, 0.7439345313359169
-0.7725406957558418, 0.585509816132797
0.21380356733277095, -0.17790468362374678
-0.12544841859331157, 0.5630084632679444
0.05971238297455739, 0.756058767477509
-0.9166993009649429, -0.29915083938117704
-0.2310329685220347, 0.8671092925494075
-0.3028373267891522, 0.8368174432894362
-0.7162468247280687, -0.6805055545073222
-0.01659194093014582, 0.948006194230784
-0.7580373588486116, -0.44593986751867254
0.40636637310405943, 0.051273222078331626
0.3721117147966244, -0.4316670665043798
-0.13839779465014845, 0.24901778614851544
0.5157614160249548, -0.7258453141304355
-0.4246211105670281, -0.4940336844252049
0.6078608299381536, 0.16852161606722227
-0.22059015404691484, 0.2366483921468292
-0.22226959283843972, -0.07995982470186758
-0.3710183190004712, 0.833662162494895
0.39641065901250827, -0.2600763345739292
-0.30014072282354687, 0.007104559040926883
-0.8902535860606533, -0.4096422950200995
-0.3353406385647508, -0.0015488233246241379
0.29650794203835895, 0.17965113582236292
-0.1885717477750577, 0.2909541908002349
-0.2475497404126954, 0.05530756633538392
-0.38573067516250936, -0.4497425286929406
0.6001276556426369, -0.021778375670368666
-0.9841798326723559, -0.021884399357333884
-0.10127059275690775, -0.14612340121364653
0.265147329112128, -0.6959704334042205
0.3917649006384243, 0.16127631889620808
0.009252928903123125, 0.7314716008484616
0.838642199112865, -0.5294483669491163
-0.2689935455769661, -0.6815729425293753
-0.4510016125006375, 0.3758023229972334
-0.17468289878064058, -0.5992782589739665
0.3174770730425953, 0.11188702029024022
0.669726860966787, 0.2606831346980809
-0.33938139929830147, 0.16209053588940114
0.10167657776370764, 0.425942278385542
0.6220797589979719, -0.23075976473338256
0.5468361807339921, -0.6222371001270306
-0.052960082268930675, 0.8603245603205052
-0.7828578347400483, 0.507857384380594
-0.5847686813835287, -0.4085518059853632
0.29724861760290033, 0.7484586002695903
0.6395178848569911, 0.3064209718733455
0.0630929389689534, 0.8625939612057993
-0.5580542624624563, 0.46638827741114475
0.7061269477335863, 0.130775383276724
-0.06881643589661057, -0.5237881375937359
0.07290148878005276, 0.23159395611590927
0.43752623663579593, 0.3996703996946509
-0.31469305932960157, -0.3425276422457897
0.5120985867409695, 0.7066301847596244
0.26140437453287224, 0.277607372540422
-0.22918794257372532, -0.3395839583846425
-0.25453753423673775, -0.9520598549487744
0.0015750809220860251, -0.3460031778430961
-0.5421141996591103, -0.06691184469169298
-0.5910044088970174, -0.04398541166668335
-0.10278689026321985, 0.015537387807406766
0.7761741363095194, -0.023944122622573394
0.6196798765309846, 0.012141442912643852
-0.8621608390569453, 0.27612301433613085
-0.335951618068447, 0.05437103694238088
-0.22694471062475752, 0.6800767479556342
0.29812044044331687, -0.019683257138044308
0.5919968287868733, -0.48775770840087396
0.5946731186973697, 0.42849250818202744
0.09242236843025786, -0.2894493856585665
-0.3213148857938264, 0.8176025515063023
-0.6765734234336331, 0.1015068895942961
0.8346106757342018, -0.14731038073765057
-0.4117960012683961, 0.607063641582992
-0.9348432718957669, 0.22581814419881652
-0.47053561818923706, 0.8028007858245318
0.010761506886144634, 0.7545602151728092
-0.3011346173755416, 0.6347280009069451
-0.9026923296006835, -0.049851885151460884
0.12026910182926076, 0.8745572052318007
-0.2983229523008484, 0.10023785774031202
0.4452870080579525, 0.18336787410851163
0.6125416610603154, -0.4290797584085333
0.6179729618304857, -0.44871699346968263
0.7344340356041379, -0.6340620200827782
0.5184106164531395, -0.691252887077215
-0.5335589579235733, -0.44866884266987195
0.10880619498647404, -0.24047954568637064
0.5605939887686973, -0.6078469534033675
-0.5728878157529906, -0.4028381100856213
-0.16975364429585182, -0.622935903331457
-0.1448349975165102, -0.341792372965648
0.5403367334386062, -0.44218003943676676
-0.3696962570664011, 0.24386506748872727
-0.4702557346304135, 0.6281513236385756
-0.3015192246847944, -0.3241734953696991
0.9421934842067643, -0.25135807576595215
-0.6125552154129488, -0.6839768054523689
0.3075652023572455, -0.9299392717401951
-0.0793150489028418, 0.37645874357734765
-0.3897316764405514, 0.8370103377864451
-0.3528809910188413, -0.3259826959414729
0.028597385888163185, -0.26474158566695594
-0.5102179159376441, -0.33147149759538985
0.823788297251473, 0.056284412916432824
-0.353460336203115, -0.6786356075540674
0.8390451413146038, 0.0803715341255351
-0.42984804824376566, -0.42504417344810874
-0.14723307458365564, -0.26930591410565774
0.10718098409280574, -0.01688658735300108
-0.7131479424026079, -0.2969298313978701
-0.28133198452649233, 0.4586612025951555
-0.5277559303960162, 0.13940864533640718
0.007189516193901957, -0.8583480871725955
-0.0019173427901908457, 0.3512158353873307
0.2836953846459813, 0.21678657487474817
-0.20970757874685986, 0.8449998837070933
-0.34919917790622, 0.5372254874906452
-0.22094804765324283, 0.6404564886203918
0.595517157069311, -0.7556163720299023
0.16990147832282676, 0.40406046298799025
0.05027346890875539, 0.12831502174123832
0.1450379305008429, -0.10667677200678671
-0.14798048108083406, 0.2148953586384279
0.7350438282734226, -0.47171767367247686
0.06259618044667947, 0.7587395030854127
-0.321450165314604, -0.8360626430576887
0.427246394707385, 0.3611680275107263
-0.399872954637422, -0.25613384680444007
-0.30880267369114067, -0.43511491061249097
0.5072137534704684, -0.46182656983426096
0.39181805929573765, -0.666922372470427
-0.6180001474278936, -0.5058945263138854
0.05669844515821709, 0.03575725048484335
0.4794701696550918, 0.01614872925256483
-0.6262923478142355, -0.44664782301032413
-0.4824745287204866, -0.3533044361167099
0.48179469408207765, -0.6129414064627778
-0.6705007293937713, 0.7232411549639857
-0.32475500485213704, -0.41602725181011313
-0.5466169885582568, -0.09648044265480604
-0.8325750991064167, -0.4177319077681907
-0.822094287654721, -0.2813213483401531
-0.5973447935334493, 0.6712606549868734
0.4215872378705854, 0.06905317414526513
-0.23572277425564625, -0.9120638691891518
0.272288019366401, -0.43156977071347513
-0.4385173379785452, -0.13455984439047763
0.15939333158023095, 0.7935656629228005
0.1933479161017544, -0.2380847690997272
-0.272007313532878, -0.9258144867237976
-0.5213746671726986, 0.3865799911339718
0.8671797563396724, -0.4848592335804547
0.5069793809027883, -0.8489884416100322
0.8986579128193233, 0.08530129197724623
-0.1490518995080783, -0.08877205620139406
0.08850822765607735, 0.6431193643092135
-0.35840379150007395, 0.007611877584818183
-0.3810412806313328, -0.707381456703083
-0.840599109103159, 0.25254957709642123
0.4510319763096404, -0.49372941322409636
0.08966840720144154, -0.4616548633596729
-0.5745206973901393, -0.3704892137358038
-0.3420852968130974, -0.1104166754752316
-0.32040263073934105, -0.28078708896778215
-0.06111436391173153, 0.45355807383769986
0.3003668480289099, 0.03111751025509335
-0.00779361940130463, -0.5452031133786948
-0.7035464090696004, -0.3005165408074024
0.18674641158574024, -0.4607278365508285
0.4030975431509358, 0.46277650558504657
-0.6660089533874267, -0.19016466430991263
0.2534672571290537, -0.6718290938289175
0.16293482519243407, 0.7615023663804807
0.7300133197442906, -0.4116182755770137
-0.030505682418148217, 0.4193274721943574
-0.46199243313815685, 0.5236256260686556
-0.7548514074008041, 0.4201318179786606
-0.6543828950805506, 0.6914571025263503
-0.1594234337626652, 0.07187371299670509
0.08930358932643978, 0.44228995428463036
0.21657620927947718, 0.9004485029845914
0.22272043328948055, 0.39295165690023537
0.7927667101453932, 0.58327450001219
-0.612746581690494, -0.6062581100568287
-0.01960181567938246, -0.2776844972148873
-0.2944173825955354, -0.9421832286029463
0.6003589200861088, -0.13712502193188847
-0.2621324116122461, -0.2876050004728192
0.1975023701382288, 0.49561480733090346
-0.20523546914036128, -0.2965705116296351
0.6978473458668444, 0.04029749287961559
-0.30394810770071556, 0.9464192169376326
-0.8255292781192454, -0.29580367858674417
0.8098882401369445, -0.13635227553722484
0.3493979274631278, 0.7113114414370405
0.5163970917822482, -0.7843233646581638
-0.15926571586252702, -0.30202660444558593
0.1673834895010211, -0.27833111954222756
0.3747211026782049, -0.703998920335206
0.2603558110420956, -0.4363076292107908
0.38386764290439146, -0.5257782569099365
0.4943356869185189, -0.13242873514934272
0.5603606940953461, 0.36704089300632936
0.5930967139329943, 0.2594201220919954
0.6996663356262065, 0.2631222558880859
0.40245908748654347, -0.4442320865848066
-0.05071892855122795, 0.619432392302637
0.04040675160044649, -0.748439741658449
-0.10798014678007317, 0.663272635717393
0.9532296975647321, -0.05552398181796958
-0.8440502097020088, 0.053773034561112265
0.9248139672060285, -0.20460545018488685
0.8819803304384346, 0.09981812765947873
-0.7827919452631398, -0.1679360553799365
-0.5651953442396651, -0.6034391920040851
-0.11821020548880656, -0.7238185086771238
0.3627442508198919, 0.8014730156754124
0.2837350769239668, 0.4099449164053348
-0.8484823931499286, -0.09461114143438243
0.5987926164592863, -0.579609644840394
0.20726161176718572, 0.4479784524185122
-0.0015650391940233987, -0.9926970253553578
-0.487601882990776, 0.27494305414089726
-0.8145431221668062, 0.35804369872766606
0.8963050367317726, 0.3117233864252644
0.49386898161491377, -0.6605917600212259
-0.3350504806054688, 0.69835736214701
0.6424358363301239, 0.58626078316058
0.9147459058482927, -0.1521063968025067
-0.5176096103944128, -0.40877953525065536
-0.6449346115783914, -0.47438528631162447
0.8079006367899457, -0.14104121400263692
-0.1524472977881337, -0.0808453748863529
-0.3383098992214635, 0.00354720337291492
0.4957779318272457, -0.0019577305593485583
-0.255506725269006, -0.9652662834294523
-0.4580191673884195, -0.4525036105045004
-0.8176198676721604, 0.29469881848552504
-0.12467175468902636, 0.1367815014990681
0.25621540150039324, -0.9541916818448586
0.015262614578074318, -0.061710742924467654
0.20606197413435945, -0.8338964153406583
0.7822043820177687, 0.5271963190502611
0.4329499540173789, 0.10024036835028727
-0.3586221492871484, -0.45659165746103425
-0.2574433545555961, -0.2757987466596714
0.31550852639076554, -0.3035672779697487
0.7511064386702202, -0.19277049295779225
-0.6566643204879439, 0.2587419089607985
0.6688352176081851, 0.29425278247052455
-0.6556157667568809, 0.04858197190324298
0.021106586612589906, 0.6084851553523627
-0.18363493125081964, -0.08850595722712296
-0.6778416407802696, 0.3811986996220764
-0.6805863121303626, -0.47528794485323766
-0.011019994421598511, -0.04046663862390765
0.33316145293032795, 0.49942737357368117
-0.389731425349785, -0.7212396646770025
0.9062354677657207, 0.011301823371220987
0.2242450093678734, -0.3032775332642206
-0.08931474683577378, 0.3250699946597777
-0.5024027005814737, -0.09868779162493735
0.6918196334638167, 0.6190776451086462
0.5265706199247768, -0.537680607282816
-0.5011088026139061, 0.320194089660075
-0.0035389615922467588, -0.26122956581849754
-0.4367477462757501, -0.5700494340390059
-0.8291493169219886, 0.5188507594636529
-0.30355977758443253, 0.8797084848235657
-0.19912575799904864, -0.5803570706119072
-0.49598710360952625, 0.033852135192494526
-0.3959837199444045, 0.5379098947326824
0.537663157025446, -0.8142814642845844
-0.42868280521753155, -0.5654334254939763
0.011954717673982929, -0.238695675762165
-0.01613865627137412, -0.00558360462689711
-0.5487523619055854, 0.07244087631723461
-0.4407027235852048, 0.34369952858993336
-0.25362053404775997, 0.9353608451017039
-0.9247371417831269, 0.11550867128738229
-0.404640558598546, 0.642073403915332
0.23652791140486373, 0.007518448379168152
-0.33830165828575676, -0.02630665684981226
-0.8076739755110618, 0.19081064647851553
0.08052578028785984, 0.30943139059365454
0.5263755188063348, 0.6748690032098914
-0.640642035736207, 0.4409887190389037
-0.7016882219623408, -0.06634492713180284
-0.08405561575614784, 0.6516286920378243
-0.30145977704681703, 0.582768728918202
0.045393313660110346, 0.46877765316564135
0.6167400819136659, 0.18568061544303438
0.6519225536071416, 0.5297077085289992
0.3478811257518044, 0.02233201447897759
0.87134812735622, 0.4760235567297799
0.5656611108900107, 0.29935156327567025
-0.012509656226110444, -0.32259967247041343
0.3457113680395665, 0.5059297744025248
0.3005740885748114, -0.17670256367867343
0.7101566841347984, 0.08032230567371101
-0.24599807848177013, 0.028431284521235778
-0.45101189395287977, -0.22396371554293504
-0.5055502525072597, 0.3807328152063205
-0.8039238489443663, -0.08007750792059065
-0.2384238475337448, 0.5195678190063533
-0.4803949412131552, -0.8492246952444453
-0.9189620202368101, -0.19259810237372088
-0.24612040267881863, 0.3155138300271678
-0.17393398833873386, 0.49579519496472857
0.9142478083672962, 0.006972721512071844
-0.7686941632814874, 0.01608321602845897
-0.7319517438415102, 0.40942567006915187
-0.8246380228523915, -0.2230708657798306
-0.4380570366006309, -0.2818031699160326
-0.8032555388234137, -0.17650168040746417
-0.005403468324499672, -0.9448254750213902
0.08502556402790273, 0.7588558690384979
0.28802609120723477, -0.31591359212273296
0.33151557386312036, 0.3353344612996023
-0.1687826537578374, 0.9347499488165507
0.38864803927784175, -0.6637199001657172
-0.25328777013364734, 0.6683669674030712
0.7119899265618868, -0.20007471280224398
-0.5034141364009934, 0.2765198964800544
-0.4275130409767782, -0.4630660014027177
-0.37636964092784475, -0.37954562952258364
-0.5345525283785306, 0.6596021124901013
0.6089149084555057, 0.5304310582742646
-0.8119418517108656, 0.02640334740161987
0.009310703502967366, 0.37681171436327365
-0.44612978575313567, 0.8598128763144866
0.7910551140411572, 0.16484487703302642
0.4172889265466744, 0.8297646667812655
-0.03807741581518509, 0.5617243459737062
0.34074403378342, 0.7272104623767939
-0.6164182823542539, -0.4085103086422961
0.5137256251914804, -0.821214618951631
0.5555673191554016, 0.07774593644664884
-0.6913054430314431, 0.18361869861166724
0.041784014639420164, 0.7087420001483229
-0.22602099290696742, -0.42977042124659737
-0.6977887945224268, -0.6284422021761442
-0.3299608880085765, -0.5508678303716916
0.21990026078544544, -0.46918479007764446
-0.6237353807849415, -0.14520472479271684
-0.2394845954238869, -0.32610773404792903
-0.5253537280411227, 0.2444100800977811
0.5862519787811848, -0.3665065190783332
0.34985000131491617, -0.0995766567288785
0.5591519893008194, -0.4170134716550924
-0.028474162219467303, 0.8932865637372394
0.7973610227956596, 0.4168753228411626
-0.4327745469864628, 0.30015111125829264
0.2019704234055013, 0.9489434463053505
-0.3840451387971946, 0.3489032209277838
-0.5635436483635765, -0.1497699698110655
0.2553007616751861, -0.9373108706953037
-0.5201856706965879, 0.2848826899214487
0.8911028962619538, -0.2491724556889754
0.8964067028287814, -0.22249098092557373
0.18455565466157675, -0.5741828275762675
-0.27634147135788534, 0.2785123063055339
0.9026664089434133, 0.24797962590781975
0.7674580102309156, 0.6392405254658542
-0.5329820923069333, -0.3505287396081731
0.4669991105031073, 0.2613746368941192
0.9403351495995678, -0.23934885126246663
-0.21289563825017743, 0.7570028383675871
-0.38093656323676095, -0.7085426373846793
-0.07818227659745536, -0.5333813865433068
-0.7933892659687138, 0.23212757608558277
0.1518963438393579, -0.14203253996892706
-0.7083990451028488, 0.19409607578981092
0.9152603498059173, -0.14904595502331341
-0.3676658644673927, 0.24159232880125092
0.4922835848028484, -0.8513118641533866
-0.2698624915494747, -0.48840571851126846
-0.6312944091566779, -0.04841087928758925
-0.8850979169948427, -0.42161963454468143
-0.6311986643099454, -0.3734991633324385
0.3235295102603577, 0.8678895418175707
0.7798854210332684, 0.20420661574016097
-0.592141033298921, -0.3505643990270648
0.7143957440007456, -0.38508926752850203
0.500698385665576, 0.04652158572782095
-0.30742565040439573, -0.2298986063548003
-0.48248890440743963, -0.752016108619127
-0.5337060833152105, 0.0498923578637287
0.8679700909851165, 0.4705809903600475
-0.5619070235914576, -0.42536468818810214
-0.19858355655775073, -0.18653843210048904
-0.3377444727537038, -0.02839397579858205
0.14741430249123244, 0.49305838846187067
-0.34287006650371965, -0.16578832858059966
-0.6198833361333242, 0.44343711450090595
-0.5257900861340856, -0.7055129699313836
-0.44836000836781675, -0.016609628234169005
-0.45400563008612194, -0.181745998415761
0.15858492858309203, -0.7907611449130054
-0.2768803846258423, 0.6037756978456961
-0.4515041799158823, 0.05920904024116558
0.16092991692647574, 0.07732476877504624
-0.7475794789231873, -0.2563678220149028
0.596078833104847, 0.15696565922983452
0.4228936991850254, -0.38954591579180753
-0.33683265549082075, -0.4835903180071248
-0.3262275838119413, -0.6253945372269223
-0.08313356078531609, -0.580812636729422
-0.06900130266345084, 0.0406256503151492
0.6363788370641887, -0.7639355953886933
0.5738977086701129, 0.5386541569094614
-0.33218372919026473, -0.2150241289371746
0.5957723006671838, -0.4833387381294936
-0.6223006001989191, -0.2535061047499303
-0.9282197026861125, -0.33746696298054757
0.20408140548134224, -0.2961693402744081
-0.6969136175839248, -0.085480435851095
0.48523827283092524, 0.5054349884409968
-0.5154604606489996, -0.2666862359321176
-0.8857092010146166, -0.42831866701215615
0.8199283865864955, 0.33434403778347055
-0.8873266648307789, 0.13021900685289212
-0.0881887999255957, -0.8521843841648622
0.6712853900945546, 0.27649597263838044
-0.09840745868659262, -0.5042607056190647
0.5814570239573047, -0.5052666363695011
0.2789750626462295, -0.6411559205830932
-0.5012976979436843, 0.8259020697798414
-0.3426322226943408, -0.6270856049010889
-0.09964358603318746, 0.04278126260797266
-0.32707061921729164, 0.21407775460086875
0.03588314431527051, -0.2982837794549851
0.743770913336679, -0.41281452995063095
-0.4783018998794277, 0.5366387781588722
0.2884977859562683, -0.1164537509483008
0.1898319878151442, -0.014774722574058874
0.6507509578866799, -0.7188103607694187
-0.8679721332929675, -0.23646835655331544
-0.08062357441728474, -0.28059623859706395
-0.046499001585213584, 0.4082265424172269
-0.1546534543035354, 0.867670491853052
-0.4425066482298914, -0.683401659908867
-0.33289964378706904, -0.6548705975257942
0.3464677791572801, 0.5182408471428264
-0.7107374507861859, -0.38892030962967183
0.744470822688925, 0.15611321815592327
0.005377011872833348, -0.67022483088342
0.1350046057616079, -0.2428569590825378
0.819159306008203, 0.2718148592222891
0.08731941193208237, 0.13602162720134658
0.6480757881722021, 0.25321348138055333
0.7981043889038149, 0.3927457489625452
-0.46369605527348123, 0.8720216157903524
0.9172943690345359, 0.32167756193463637
-0.4691655831593009, 0.3254366920393308
0.7900237565624282, -0.015764511938446857
0.18053429615315175, 0.8640613541481936
0.8174540653706042, -0.22369576793980084
-0.08643984905020163, -0.526209504985609
-0.051933755223575684, -0.6321102692043892
-0.10767107648553265, -0.379590312959331
0.026392261720080912, 0.3593289471534611
-0.3155978101698702, -0.2648124488081942
0.7195449195163484, 0.42381753587174353
-0.23947510888551893, 0.09835530524229275
0.41573725904781944, -0.6201389043995422
0.4638467562084152, 0.039339278947948086
-0.7431403891516419, 0.38729420100314416
0.04701603225730189, 0.8789722604402113
-0.3040438560826053, 0.7298352636344572
-0.0902455354088747, 0.07675987319243882
-0.348563790023116, -0.5659064168351866
0.334054445903077, 0.5209138181447128
-0.9686148709399838, -0.22344539713805855
-0.747593370541038, -0.4607713777404798
0.07189905167225596, 0.14798435061429127
0.2995941045522075, -0.6364437870800854
-0.4731507634882386, 0.7172356091332552
-0.08932492436518569, -0.5532881016693938
0.2846577529637524, -0.8432696285904964
0.6740848461438231, -0.1285419816619795
0.05330847828217089, 0.8455070145035906
0.562323057400413, 0.5359855404298506
-0.327164710350363, -0.5842955821567013
-0.043715247945131264, -0.669172738417209
0.6608473106579922, 0.1032664193791859
0.5830657049685992, -0.6199275203112065
0.48485417364470895, 0.282394203892645
-0.32135605735376616, 0.7042304534786774
-0.3900698242425271, 0.19489653916548622
-0.5423423451355187, 0.37465380558660977
0.7441377431431384, -0.1444618419175716
-0.1317106952060374, 0.33669200438725233
0.614562247603943, -0.42411043524617265
0.0132780985156431, -0.48465514807723853
0.3553649449385401, 0.011530768747423314
0.2948693538223319, -0.5002352012200091
0.27944079742262207, -0.6990774020200168
-0.4151609375517682, 0.027713868440559564
-0.9301294425684008, -0.2534370887757045
-0.11677099446550421, 0.10778908089267603
-0.09717231158668826, -0.2870004117575984
0.3885005798685184, -0.1853888893108222
-0.04508863980378397, 0.5601858814219289
-0.08291406475806529, 0.2845775216561437
-0.10747873676306363, -0.25677144178929323
0.49177825232569794, 0.6666910422954735
0.4006601821347666, 0.3294272084551617
-0.6501950470039701, 0.20881167552415936
0.5570641804583492, 0.7791994103561772
-0.4987714842955444, 0.3903955708778082
-0.07099287464039294, -0.5923902888211297
0.8447903337702032, 0.4177272009798305
0.38818625781349136, 0.8239325606295604
-0.7094045295004479, 0.12474079483500145
0.33095402593907486, -0.5129156639767836
0.4543341089892132, 0.17658220505188615
0.9176461427246441, -0.19071792803032528
-0.6665293752993036, 0.1498023131514543
-0.520310445039522, -0.22623683845038722
0.19555969041956778, -0.5209373668742154
-0.5530611995524415, 0.00557422166396937
0.8078769871968174, 0.4894076985063025
0.5646149930306623, 0.04233096430260708
0.23667131743811898, 0.20066132439596918
0.7914542278453378, 0.5172672851849192
-0.5202176778735339, 0.3357991253740422
0.5980380779117136, -0.2325169251102317
-0.3253709390274717, -0.36637806238903403
0.01749341325596987, 0.9602737337160792
-0.2844853620800962, 0.013961783574150344
-0.10991952725899101, 0.12237331736697765
-0.4822183562550615, -0.3729284352999023
0.4797136985522592, -0.1636874007313993
-0.3047506230550763, -0.46032501209208343
0.4007447175237515, 0.18261302950672054
-0.03180092612795682, 0.5087895892543624
-0.2856860622977433, -0.5061231904818599
0.5090417268193155, -0.8456245636493658
0.3987937124415022, 0.8249893539133084
-0.6795175379998102, 0.7295522320430166
0.03535254592504766, 0.12033818022182641
0.08595678417064345, 0.785234079867652
-0.35825166216742854, 0.11553545042465085
0.27556691145981294, 0.3389917909532645
-0.011709825787441508, -0.6252035705246803
-0.19261426443637797, -0.6323604732375805
-0.8314208129245844, -0.5065453925308283
-0.3456048512753269, 0.5476286783358204
0.6178503902287906, -0.2979188061803322
0.6000199024265378, -0.6301881476950224
0.06258406847116693, -0.9316723980650963
0.9460911133339083, 0.12554008463863453
-0.7520328695476188, -0.41096358763312146
-0.28136485394539057, -0.4069959443807869
-0.3950770881809371, -0.09999700359955987
-0.4136188566816805, 0.762968833313822
-0.5481111241589527, 0.0747450332011137
-0.4261756452431811, -0.8800075934158624
0.2870496934955338, 0.27432869392213743
0.6299906900825369, -0.5576320989026347
-0.2660293664866389, -0.85770453256492
-0.893296680392367, -0.07918358775059309
-0.6715158038388545, -0.24767537541986218
-0.4578489800136938, -0.01804246184860414
-0.17714481006490712, 0.6574008008095873
-0.8881846230753092, 0.3362761635048197
-0.3110409139156225, -0.12340266829342639
0.2710991390655193, 0.11877743648374439
-0.8168111681571681, 0.3318798048744669
-0.8082770715625123, -0.12847395953082152
0.7620920956828316, -0.12053353082576157
0.5727192309002804, -0.7670481041313908
0.43208537537704883, -0.1327190402859193
0.5531269434836752, 0.09890581455400427
-0.29452756670051095, 0.8019517441588615
0.3932556739378905, 0.5213319040071489
-0.6302904921099219, -0.5636984755568044
-0.778454207966252, -0.2072540757221264
0.3529500730070658, -0.7488089412402354
-0.24454380048244118, 0.16773918238988283
-0.7656672836034346, 0.22687247523250864
-0.29385731420257, 0.13398798324424965
-0.6173409424270844, -0.15490233539239706
-0.7218766394458549, -0.10549161883614122
0.8151961075039396, -0.26077761020715395
-0.5915286387330339, 0.32342387182740295
0.9456911339271996, -0.14844300639382424
0.6372674761716564, -0.24489438019400422
-0.03202957481885749, -0.42108231150662645
-0.05891433788901623, 0.4481470958904368
0.27236160727650116, -0.2878638803193918
-0.6144485295461732, 0.42753953154289714
-0.6766780148748113, 0.426277623730293
-0.22501642384934173, -0.028121992512499583
0.10280952049646208, 0.595809343338499
-0.10504788349391347, -0.34309413278854417
0.08366382522854332, -0.0535325569657481
0.37562875732727896, 0.09571301286023992
-0.7866740563414223, -0.5419626422939463
0.7189625759306908, 0.4283733201414859
0.6052668427263725, 0.5283480321797338
-0.5142604913171145, -0.49420640048411224
0.7094325431331812, -0.14731922093946737
0.9917339095342346, 0.014865774823672462
-0.06653332118121003, -0.49829988298931216
-0.2536480408097499, 0.6111453319006936
0.19720765586762812, -0.1621563502296881
0.4759262796973074, 0.5754856074199135
-0.06291512673111144, 0.979852997985728
0.2168235288871767, 0.4186714649618808
0.6071663460550973, -0.7114986249401465
0.7706097073972211, 0.13308674302865375
-0.7849830270225022, -0.23019533310839213
0.7480073758468129, -0.22695584745960495
0.16505932668636691, -0.40737757252984697
0.15517785643677118, 0.8899388845385325
-0.041112184021732556, -0.4141856101610255
0.732206792154692, 0.24823477687688333
-0.7243320235042854, 0.6792351296388006
0.38554652326674943, -0.09419653892998792
-0.0851527548552593, -0.1342017655278256
-0.8050320163362523, 0.5074384948938517
-0.28749907329759816, 0.2354101462721072
-0.6489292228812609, -0.34477671301603174
-0.7419307508187314, -0.03907223153876638
0.03368408156902625, -0.26832517351073326
-0.41598790708629196, -0.08421065838583663
0.6557828528442007, 0.6303351098274843
-0.08964810145571822, -0.7715286722571779
0.015090777305543757, -0.1321046676635904
0.3437672526879756, 0.7464717705310913
0.2972287726522025, 0.6106172203061144
-0.13667305544707276, -0.8420395983046278
-0.6794928396900242, 0.384344634927712
-0.3655891932605744, 0.22988236031329556
0.1894163078479354, 0.30203726134139
-0.13854957820182423, -0.2910173377745753
0.3643867254002404, -0.34714133430338356
0.484604757782541, 0.308254494529024
-0.8028541406353358, -0.06728751685693224
-0.8373450148874413, -0.3243479001602274
0.22940473640059222, 0.31730996413515644
-0.00021258153453707074, 0.779206772883847
0.3640955765809948, -0.8637894973196214
0.4911044036357419, 0.07827513715620915
-0.40412389292877626, -0.721057860505562
0.43338183025897314, -0.3183724140188986
-0.3344356328060176, 0.4201282150991954
0.942369883240235, 0.08595933278044132
0.16739973557784804, -0.3315217225548073
0.8369849037830663, -0.1778951542792253
-0.10700315957614981, -0.09848485731199275
0.8344436023945645, -0.005212568064860035
-0.9432228316959093, -0.06112161552870843
-0.4268647818582547, -0.5906246959139456
0.11540746709470429, -0.1289447536609445
-0.46106773427947934, -0.4036530477145326
-0.2243450004433154, 0.45415757208364105
0.7200179864394325, 0.21104054998695565
-0.7333909088665693, 0.4313403181424089
0.32188956528252, -0.5288786383357178
-0.03763134960961034, 0.04512541036371531
-0.24643387002904804, 0.6674828123297458
-0.6964265834162917, 0.4959198330396908
-0.27447266059453446, 0.4841379392524314
0.5324675183719672, -0.35205425729479134
0.6278459716777847, -0.5769123666548572
0.11763357365845928, -0.5804437625689249
0.11566805467682384, 0.13446603048522943
0.6713945282872449, -0.007777551785145276
-0.6372267690614577, 0.45584043065753677
-0.37702426536614486, -0.6193267371336599
-0.5822273820402644, 0.6068095566670892
-0.07134730912542775, -0.4383251536812005
0.8867832165535585, 0.43618112058749126
-0.49961312970418903, 0.1761403690677945
0.6644811551020418, 0.3626067363671275
0.1906984548899524, 0.5133551548691573
0.6168561785984743, -0.320078252567886
-0.6997911163946604, 0.0719619717965494
-0.5736932688222631, -0.7737213910412553
-0.0877372202686133, -0.5155095623952499
-0.3269898618450926, 0.2559395776274307
0.14401950989909018, -0.06959943681108216
0.5375685751427093, -0.06620588378153047
-0.36990118483987233, 0.7063893404575041
0.8903422623474537, 0.20671972994237442
0.06827157456116395, -0.8533459526361573
0.41236233464930594, -0.8897021387306678
0.4013219478229857, 0.28121216377241987
-0.396700676483138, 0.4616816967360111
0.6810866225459233, 0.5155091447632545
0.8992681557988109, 0.1094165232102331
-0.690701637169808, -0.660467956001437
-0.16186556829258514, 0.9354124101987131
0.8087200662205061, 0.1011906678983494
0.8614880328164001, -0.2796866047384794
-0.9484758930565507, -0.2812597508500849
-0.35737072512871126, 0.614702283177464
0.31007143495705725, -0.8257104479786497
0.14685742665030266, -0.7217733125819412
-0.7777021502393564, -0.12498223667890063
0.7736359361227698, -0.33131000146849776
-4.954255279776554e-05, -0.33299185146967436
-0.8131456261293015, -0.10349161215755909
0.19018813259243728, -0.29030557489475384
-0.07984765401311877, -0.8795367457571364
-0.4454186042751924, -0.30977877997774117
0.10137371348306945, -0.07872076819883622
-0.8016735498259691, -0.37810846178332636
-0.6981568748549625, 0.6041197770001461
0.23728813630790224, 0.49889028048105
0.5687527258055529, 0.3345675780482291
-0.25407915008262205, -0.5718698240748015
0.1446751804090769, -0.4937227547046763
0.3596713963715794, 0.4070532276703587
0.5964075223959093, 0.7635417643223208
0.3223235660423118, -0.24710597918303412
0.2042911219126633, -0.746297912143536
0.19728971878715607, -0.12770905675331812
0.2961151969375029, -0.48426282766803275
0.3843814980038147, 0.06301260009317278
-0.8334976870258484, 0.19130693126866194
0.4007889127254598, -0.08612249382117865
-0.46855037239799735, -0.4805404479798139
0.2880396757906343, -0.8129766066801427
0.741955645129321, -0.27033784633833324
0.21324662255455862, -0.6450454144249391
-0.6290930928982943, -0.0672947565194646
0.2762583145465094, -0.3224777073483134
-0.7731897514188322, -0.43988382361095435
0.2327803022852486, 0.4829691039831574
0.007951482035820412, 0.2729368670174057
0.7257417643446868, 0.6672531652690774
-0.10060925212165306, 0.6063927830732567
-0.3927566260126856, 0.28387333888584965
0.13760715143654645, 0.6922888953228497
-0.3744122250603086, -0.37989836667670085
-0.07777420221821041, 0.35575224226213265
0.5465442787259052, -0.7778210141351634
-0.4514239442639587, -0.10602287443284752
0.6213851641297523, -0.058535606019034736
0.6680497737389528, -0.23754398999785442
-0.508920147690844, 0.1817496086089232
-0.6919993557726467, 0.5226963221382175
0.524747218775655, -0.12693836448023998
-0.7076741705095935, 0.37189654815483797
-0.4745435464033483, 0.05662509293475515
-0.09746554815886044, 0.42128522417835446
0.08603075102336066, -0.4383260660578743
0.12326440977208564, 0.8872450296299865
-0.6973055139512623, -0.2916163623172179
-0.19591429301887775, 0.27540330004078495
-0.24469049249248598, 0.7353347143899114
-0.7079572367772333, -0.24078284744644263
0.42268511759893346, -0.8145292461702169
0.4123580256099417, -0.7096850123433496
-0.5059874252486538, -0.8590497349193862
0.9349734311953668, -0.22969232254436633
0.394222116473405, -0.24241090541157573
0.611886574806493, -0.5288938708733901
-0.17707136277674573, 0.7554310177691326
-0.16296660654283945, 0.7541640323398979
0.06813426961206726, 0.34110358259850004
0.6789073256112912, -0.4922926132023935
0.6422275094497119, 0.02500364702524549
0.13843453707148967, -0.8031019944340421
0.33560550884818974, -0.8574559924684562
-0.8830273521563847, -0.0770425542299007
-0.10261739007324389, 0.1141220895421926
0.01839949906719429, 0.0007092356957369983
-0.1780338022268113, 0.5605200799705563
-0.562379975116023, -0.2452820532338149
-0.4793693852583085, 0.7052641956487797
0.8172154525658513, -0.1251968948747324
0.4525883336701213, 0.7148866820178856
-0.27162526930095, -0.8478020974840557
0.13635346797658876, -0.2472708141997404
0.21361537390289032, -0.5654224327728923
-0.014634574531570355, 0.9256609405946881
0.44983678776406966, 0.016678957801291583
0.798557220937901, -0.10026315813606002
-0.32573533615015826, -0.3980184618125122
-0.8396481366675765, 0.1059994736834653
-0.8352566164343456, -0.27613137994902215
-0.1655550857468222, -0.8683673715588973
-0.017887071553791323, -0.28251806677784863
-0.12949326171446818, -0.33426853973185766
0.15842078056784503, 0.20352421893061723
-0.4568950155384073, -0.18686018102833235
0.8215708077630846, 0.28972880260858425
-0.7439137339536017, -0.18043927664457304
0.8682150938644806, 0.3034808172902017
0.037261029870359286, 0.7775768683683144
0.10097848132967724, -0.8648595005793338
0.9811004679184467, 0.01665651790917355
0.2936104065482463, -0.45650249864671144
-0.33932944377480045, -0.7300698394704244
0.72604028768208, 0.21659427235779072
-0.13722023571821396, 0.6728624507047003
-0.7848117685752429, -0.054480065789519694
-0.5808878014471992, 0.7080244110801457
0.26084692699650436, 0.22155359855688972
-0.5730152085403784, -0.27634115071878806
-0.49219061177739865, 0.03432419868175951
-0.5069385090597573, -0.5986050908094014
-0.25405049478514474, 0.5226636439542758
0.11331244007570418, 0.45062342484036666
-0.5917406115990707, 0.47557162371803896
0.7414477182483512, -0.27492625789773095
0.06000419945673863, 0.5616828419601432
-0.6875108106516237, 0.13450999857761547
0.3421727294245438, -0.3044177703178279
-0.08355469542429805, -0.788920685648143
-0.630970626475146, 0.057464114077399486
0.5332796324423001, 0.6861000673316862
0.13026651574920112, 0.43221155366776776
0.15024654851459296, -0.42585378559369125
0.16055558824785954, 0.6256551153810648
-0.7051434903399627, -0.4979287080993047
0.37990814395272987, 0.3318009397898911
-0.0962374831980406, 0.4605722729356736
0.08440866078738729, -0.48917718695233914
0.17722568992403498, -0.5630394242021723
0.09481332261196451, -0.9030862847373167
0.7424495538771063, -0.40702765112633377
0.859684568958303, -0.22673235606075015
-0.2670055555504163, -0.12476187436908526
-0.25035068871140176, 0.6854140672569393
0.020216358894145747, 0.6624234264356235
-0.24123119791501346, 0.18607872101183953
-0.5620648060568487, 0.12996133577470692
-0.36050753068084407, 0.12404278958484682
-0.03963216196037833, 0.05757735060290492
0.6699639637692467, 0.1735333124270455
0.06819180758568444, 0.9938161431708445
0.5572965988310239, -0.5325202409723333
0.6418243504255419, 0.4152894659447868
0.3838793127049802, -0.6630757651691506
0.5489319137417208, 0.0274705008846845
-0.16977263082053895, -0.40670120772158747
0.25875366396207156, 0.5195829642443903
0.6307290458712242, -0.5126470242740224
-0.15581862173339056, 0.31587491746731255
-0.6843732105491804, -0.026189495609123092
0.22069033188932097, 0.1706226201800709
0.07713434954108034, 0.8684435129311756
-0.13773520989749533, -0.7467440092352633
-0.43543869956497483, 0.21939564837416703
0.5201828618001891, -0.8115506382969941
-0.7685486167573681, 0.4617593128332611
0.21763268816080328, 0.12660942075567072
0.30322761055826675, -0.19688946841913757
0.32876683624659253, -0.6973447485733948
0.005055293211834178, -0.3219411165135173
0.21698773262805737, 0.4427330785035746
0.6073118252474374, 0.5272922533401969
0.16389659380972144, -0.1053054308481276
-0.26145437973895413, 0.3334299786000887
0.7748059648018542, -0.026591276317937007
-0.7847882566179956, 0.15745720937500285
-0.10666492642873715, -0.3529233567050729
-0.6810132265167383, 0.09353613127980842
0.3606352023032593, 0.8178399711951498
-0.1795237669570997, 0.5818170659286572
-0.27613397928389904, -0.8029550319246097
-0.1839836195093636, 0.8069866037009172
-0.8869808185477213, -0.31689093082432995
0.8156339727297877, -0.5775514487367055
0.437882972265516, 0.21493170473342138
0.12396554502970214, 0.500357308587394
-0.30409438302500624, 0.6665238092762813
0.6877232000863469, -0.43031914378680347
-0.3537960072975834, 0.7581884359632931
-0.60263473809762, -0.5678220862613588
-0.5146606984272286, 0.7844974590750746
0.7477228279886272, -0.6288207340468903
-0.07042384980156657, -0.9041613195156077
0.20439749888112657, 0.5128129123946827
-0.654826738976027, -0.42561700576237316
0.779288231108501, 0.5412848112425941
0.09635252594164156, 0.18184703117840262
0.11940621674286778, 0.8979819258975421
0.1477427655421064, -0.01920213898554257
0.19111844743568907, 0.2621650844256498
0.3355924477344998, -0.5546480040510668
0.5779936959073293, 0.13238673429651548
-0.5440279457056696, 0.4690249467766574
-0.8652206586429911, 0.16249249503878138
-0.2519745263036548, 0.6011804053850791
-0.21343824777097953, 0.8104939815934336
0.18941814495766485, -0.7016315110303979
0.2539440766551593, 0.06963388501249357
-0.6472065974304435, -0.48303405710693426
-0.2389282628802205, 0.6764367859081337
-0.7362617565797183, 0.5197787963051022
0.43328524576719163, 0.3419722503643894
-0.0067424412686072355, 0.0925594755121264
0.35514541193741134, -0.9007294337197949
-0.003707212469475918, 0.5662177320055874
-0.5804968693369954, -0.06158785668155908
0.22855995884138447, -0.2818551373425713
0.4655078136150297, 0.8361917774082701
-0.6577757266932569, -0.5488046875088517
0.35196577880794266, -0.7884626300120774
0.6353348826805183, 0.4396514869487482
0.45872876121562656, 0.18050225399921516
0.5876797208806583, 0.2615896712099819
0.7709555260666301, 0.43729619028571354
-0.468054818199791, -0.7887095150893955
0.519178508021376, 0.6022529827486913
-0.9064522120635925, -0.0687170075095469
-0.8039575193509476, 0.3931710084251827
0.05460379721777797, -0.8897794380308306
0.8809254191279945, -0.020607998245638193
0.49099652943862937, 0.329124693915968
-0.8030026802388861, -0.5073573414874608
-0.3826031805215784, -0.5964469411314159
0.3028217992528992, -0.3426260960242846
0.4556806897399428, -0.04159969445371159
0.9236149266853708, -0.19738442826115166
0.7274356275146652, -0.3106116835072652
0.8871409488466888, -0.3284765443642441
-0.15575395160835348, -0.1799638938171062
-0.8457427474529924, 0.17278373731316132
-0.26040875413950615, -0.936914721959474
-0.15554357886488646, 0.10266237259243693
-0.9438934521293461, -0.0049618875266521645
-0.46889824639433497, -0.2605824748307066
0.13054768938630668, -0.4680914899566062
-0.2867751717442506, -0.20506487200190393
-0.71860125566347, -0.5148588251536879
-0.586501578171468, 0.2563166893664257
0.26022277398028737, -0.3254551195584803
0.6378823748315827, 0.38252684126549097
0.8941860881099908, -0.050230185485650836
0.2152970685037099, 0.2548363850447297
0.41086113249777423, -0.34421881468218785
-0.1983471322779431, -0.769454743740992
0.8278630778332539, -0.27676197440811334
0.47923423616735095, 0.4845264771423847
-0.3317350142190192, -0.7334585597464445
0.737478814378469, 0.5423090519812763
0.24600804874163051, -0.3187157157803733
-0.5012570759138744, 0.1392579487344594
0.24727137049870085, 0.4284716531843822
0.11967638677986159, -0.9273483309469339
-0.46890148287433453, 0.35425573666639476
-0.03862453146977329, 0.46303257255426256
0.45669655243639284, -0.06454187464535743
-0.428033892687139, -0.1790405245195068
0.31573475666068296, -0.23968625272855437
-0.2841453641380218, -0.03748264729486106
0.05891057291597779, 0.7293767187528968
0.9357480924597037, 0.24104496686546373
0.631615393356799, -0.2085679712030335
-0.5340435307043265, -0.45602975963100323
0.8944931212267797, 0.43687127221348576
-0.4323777123339416, 0.15772030479869037
0.42510568804135396, 0.1454083328307807
0.8955865766367244, -0.15676977162543948
0.4743476561533688, -0.43691378184611085
-0.17179931063997111, -0.06474044291589154
-0.27645520342734753, 0.8016078144942942
0.4377997419254145, -0.6098417174814332
0.6069480518918204, -0.6126065550402051
0.006155738246230502, 0.4582148422194925
0.673333633827087, 0.4242714600909574
0.31278666982969816, 0.4133698908923893
0.6942432995790462, -0.047215544093667905
-0.3566760131077147, -0.7585654129174355
-0.7888760984527827, -0.2276417891963296
-0.256722154085526, 0.6902745384446372
0.016991206780865742, 0.43212983001609184
0.06762407264005432, 0.7674280051747198
0.025483079133054032, 0.6993296634156585
0.16482247478676992, -0.20546157569367152
0.7801927932029069, -0.30736473048637647
-0.1307613508268628, -0.07888229965395532
0.5742157300689907, -0.6011601392782133
-0.7828001476230466, -0.10307451787203559
0.04700944171625787, 0.7519176540065111
-0.3723882885386949, -0.41825703041843565
0.007776141207566756, -0.3926640351215005
0.46338427875391797, -0.462705259810652
-0.4282416636016959, 0.38153963104830835
-0.5231913793393814, 0.8183114313310729
-0.838466344057321, 0.3139768867530328
0.8104507857934564, -0.10677237489442803
-0.5423227006512301, 0.42257055712047853
-0.6189712092176682, 0.6990041436372914
0.1543114005963846, 0.34385785272676994
0.044317700937182236, -0.07974364219183361
0.24021879375423993, -0.9589042947783233
-0.5461784136333003, -0.44860073687823454
-0.6330581074688992, -0.13623500130947663
-0.028815141578411696, 0.9442776534310939
-0.12698519417285392, 0.17898912377081433
0.25433194551508165, 0.4927657928460023
0.1258343484505522, 0.6275127576067909
-0.2737980593080638, 0.9037846231456497
-0.6375791210615867, -0.05109737085048871
0.44576635467598336, -0.06137252621433831
-0.17143116021109317, -0.31310691202177154
0.8044307113145694, 0.24414758602806508
0.21554621917193528, 0.9286248306971456
-0.8908690178657399, 0.06692167834335239
0.7085296007772555, 0.29372750423709726
-0.09398559234561943, 0.5742858986454253
-0.2747262204635419, -0.9571636731026227
-0.036851828100790573, -0.35925017624556155
-0.6449405130790218, 0.06465431450635162
-0.6551039189023191, -0.5612305225786192
0.016369268536580606, -0.6630132843969785
0.19919316704683165, -0.547107253534477
-0.25975940023933264, 0.2912093012885739
0.15599467918285725, 0.2740074202785958
0.7393468477972713, 0.2731083149005522
-0.3623271607542293, -0.07768067049393701
0.11724720431830105, -0.5811243088999625
-0.4383241138490115, -0.19084380623636776
0.43329209239208777, 0.22469846609340682
-0.880993406088616, 0.004026290039069735
-0.5585267598018999, -0.19917224787977927
0.7017347817185968, 0.04289583374100481
0.9069482824274622, -0.030277205687888165
-0.04711659166065729, -0.6409484138562735
-0.24418503538824265, 0.6207876349869446
-0.2627185222939201, 0.8296393416658048
-0.894049853270144, -0.008074842465918941
0.7742545972862831, 0.4288254182190989
-0.5131239789064017, -0.67375580371106
0.0009836322721001878, -0.6830493173580525
0.5002945256823341, -0.23391857559213114
0.08198371565948182, 0.7428826930005357
-0.2639558200213532, 0.17271467564273912
0.1352539437647915, 0.90605388308174
-0.8093734884264254, 0.5814344005202676
-0.7449925951917877, 0.11398626689822078
0.11340617854169865, 0.10434755651810224
0.8514294981766275, 0.23109382196999184
0.039164735463250056, -0.9254065500304827
-0.004710215384854388, 0.5638124028303053
-0.09619171610019017, 0.37815117360914896
-0.6394183200050745, -0.5297063326321327
-0.6469854063162572, 0.3916901240474635
-0.23002063367582326, -0.0030187984099645515
-0.19349096593837478, 0.8942877747015159
-0.8094150384820669, 0.24591661724414804
0.280946162878819, -0.09775804381889452
0.36750278992384144, 0.46199716042930317
-0.7567433437479787, 0.12969703802792498
0.5120059229896865, -0.45409027855564954
-0.023912988623973064, -0.8143677881441442
-0.7951157413278667, 0.5138944477471272
-0.6747904361958152, 0.3558439442828498
0.08322303713264256, -0.7064675126100748
-0.8430753373980335, -0.044859863502100916
-0.2897821875002422, -0.3306599082403008
0.40006381384347667, -0.8450736859921515
-0.05414583224300795, -0.13443597455737688
-0.5628682926385915, -0.3801338858358332
-0.618680361702761, 0.27967265573227573
0.7196720585567127, 0.2519290368841931
0.01285038257056037, -0.5114025694407895
-0.43236469204989336, 0.48388213904013133
0.8382992132369924, -0.0940169472085639
0.5874172155339898, -0.16267625293482824
-0.6445959154242416, 0.0015877250261417952
0.2996571483083268, -0.9071108693189798
0.7096209473320583, -0.31204874565357565
-0.023141391665518096, 0.8866875793783202
0.4775463829951472, -0.30690829614803183
-0.39910708368634573, -0.21040030057740355
-0.5974706565960932, -0.0430532972051616
-0.25329934608994153, 0.27793660830694433
0.3969287275704252, -0.42258008422342264
0.16498174653361852, -0.3966980132309119
-0.16586735351748794, 0.8283200465134453
0.7116544163683902, 0.147822428505493
-0.4993635630000075, -0.551397943747518
-0.3996570289974113, 0.13485935734127596
0.3840265061379744, -0.502059039359934
-0.42739586089084014, 0.7595451304490817
-0.28952373391618913, -0.905514055754209
-0.301234373351279, -0.8243049824685902
0.6733222813203625, -0.08827994579095932
0.7974340892617084, -0.5937177561658753
-0.025129638462140225, 0.7338362261608702
0.4079890860688442, -0.5973989119517613
-0.49504461001672606, 0.44542954956496095
0.8103142760406019, -0.5308533137527196
-0.37053041859302605, 0.6389897531761475
0.010846742084400729, -0.9310488816880162
-0.42152018553670656, 0.8830876974148523
0.8700139610444748, -0.14726688680730127
-0.6707459100320681, 0.33207766262240335
0.40442227133085296, 0.43447186220405953
0.7897503510603145, -0.5649451054451442
-0.17330639920476631, -0.04991342007418398
0.04848581069329394, 0.2676381511363264
0.46290485901378764, -0.44493208869283496
0.2242930918278847, 0.1527146275211848
-0.5771500469804498, 0.36402642546950337
-0.3578614184666322, 0.016894568949253896
-0.8225037070506844, 0.06172211359364521
-0.6733021635658092, -0.30006620011856167
0.3532737667173853, 0.3687846936609025
0.4152168566664993, -0.11300270876622776
-0.6130163227946532, 0.5943406969267335
-0.47732245218231717, -0.16611558249010083
0.1415670759033305, -0.0911806773311108
0.2550717743861701, -0.4450636201865823
-0.563588517826733, 0.4429544497470921
0.18225232788341716, -0.5614961048723324
0.04460448691420593, -0.14626263467402456
-0.4977946968407123, -0.5167687097188667
0.19517894942681346, -0.8878307174361972
-0.3896049085871427, 0.6461862773749993
0.1207402765401242, -0.3057326673400427
0.4070893772361104, 0.0898988388231472
-0.4018840305961644, -0.3788274032422425
-0.324154035816584, -0.2224273643255814
0.499020267350343, 0.09904152054785542
-0.610175054712349, -0.38979392074538377
-0.8598693507939226, 0.4786395255466276
0.06772901848794044, -0.4994775193675016
0.0690650747221695, -0.618356597681792
0.6289245956153793, -0.11371855647905549
0.5648036947481443, -0.7861064514361857
0.39798773381114594, -0.0013364469388859046
-0.7578822715963738, 0.2633751419061736
0.00043435102771649525, 0.5851644654386188
0.772805496376114, -0.17518543879785686
0.7132157249727888, -0.3102800734854254
-0.10277099034779535, 0.48521242976247647
-0.21351285526462638, 0.5366946284287222
0.5660037686425183, -0.6831963689608462
-0.5258915618410545, -0.3483870638536164
-0.16732302572348368, -0.8085264499526623
-0.0069141365203599925, -0.49497898904714743
-0.6391731773511613, -0.709686720835011
-0.002593104817845804, 0.798600677234494
-0.5364867597919476, 0.5026752082995276
-0.23718488116922143, 0.4870633445632986
-0.9226683116713317, 0.3407556751556722
0.08891891553566755, 0.2803409578337739
-0.4165342511431318, 0.6203387724542508
-0.21680495810159472, -0.45426598728043777
-0.4946547414759275, 0.5720638872874513
0.3705468154282556, 0.6500050001627813
0.06595252649617467, 0.34744236071736756
-0.394094148680711, -0.41804106124865936
0.5135634379854688, -0.5770861177936013
0.31371362511124357, -0.9402025717283833
-0.772749672018147, 0.5811631288870536
0.8195975043538606, 0.3586870725756106
-0.2920599868349658, 0.5660853205961771
-0.19024702428824414, 0.1786340915231608
0.8651238525710145, -0.22564295181814065
0.40038299472850714, 0.6343895411704437
0.23875103694262712, -0.08411263080032216
0.44070744944703377, -0.1030830017130322
0.16658645910735226, -0.5540158354477824
-0.36181751474301116, 0.8813871179963166
0.6791387647962972, -0.05397778509090401
0.7030247326084293, -0.2751779674475556
-0.8516804623887115, -0.3617607344954554
-0.3670892601333624, -0.7833068248974804
-0.6661488423824917, -0.6412863112257845
0.2406446186639919, -0.08142090413456038
-0.7641333107207244, 0.5349197727323312
-0.149543704590265, -0.3664158514879179
-0.33642923401046887, 0.3376504169657495
-0.5558433318478022, 0.6584563585492162
0.08349125455354311, 0.754825133371517
0.6909803782584376, -0.6982389268190865
-0.7748828348468408, 0.5976916240016199
-0.321606778872914, 0.8115539222001535
-0.9850538022301629, 0.05677036599469676
0.14662310289602165, -0.7113706707722933
0.6224978748328882, -0.46704333190132896
-0.06803649504361076, -0.26661329440044623
-0.08495350155806047, 0.7075876870822246
0.5727390307943019, 0.4857288387404368
0.2320576164825312, 0.46812481942138917
-0.6626806166609736, 0.07035512313830794
-0.8907052012379779, 0.39741351742954323
0.01990011825028737, -0.41768199578886267
-0.41500543560235204, -0.28527795833230507
-0.5179643433099945, 0.2473979771856183
0.1498951655992029, -0.6922749523627645
-0.2721725153629211, -0.23118596157858007
-0.2501827741590885, -0.3591542436413937
-0.7360434934169346, 0.6746776324544583
0.19903822227884893, 0.40577016920189624
0.2842791652817003, 0.2251485586405031
0.2370731055121449, -0.6934711268603935
-0.8316072836283925, 0.2842496639496186
-0.7669702474761215, -0.24795991251297433
-0.17981795013241908, 0.22484860117854732
0.1348147704327025, 0.9194764212472188
0.7310863322967436, 0.13619047215411784
-0.35494427026632347, 0.3987733920960732
0.43221435887192294, 0.5128871327999778
0.6630288527732797, -0.019041139428964016
0.13429320945575407, 0.042078401438266466
0.795316373502736, -0.3594401655210864
0.38618865414939707, 0.2866804021709546
0.6567647422423339, 0.18792292540146538
0.2863193578785157, -0.78632011678389
-0.8792747136528467, 0.14413988936080613
0.9621366568597531, -0.19480181104525474
-0.10475643390755107, -0.0869388700512983
0.4772757129686571, -0.6651030661938262
0.7378638012593406, 0.12208577218172434
-0.8343105727649875, 0.4084685255534466
-0.9578435698020766, -0.15737562683324047
0.8110139717001055, -0.07274164525003801
0.27431614166858065, 0.4104667842910139
0.929848526141476, -0.025850831253351414
-0.4870993153345027, -0.17623926641812893
-0.4693761454073173, 0.19853439477350432
-0.04522413121022617, -0.9091855903851873
-0.22955614024950033, 0.5115062421843899
0.4384524915633061, -0.11387751722552464
-0.2740365497876036, 0.21445608015324602
0.47855295918300156, -0.4889037181935989
-0.5259231700541775, -0.5014506394106144
-0.5995494360558349, 0.0203566512642388
-0.9257897478314583, 0.012084505298017856
0.5052498079314913, -0.09603244027307833
-0.3511065689634201, 0.8090656659051616
0.016681824384183752, 0.11577114611682982
-0.15579788322361554, -0.6907420170003726
-0.7984940490449055, 0.27604061773154953
0.62443833789475, 0.05046620515698619
0.7060807590394531, 0.36220429221436734
-0.7754848830500174, -0.25710831492579866
-0.6562856529237653, -0.7341307015981697
-0.062361593924741276, 0.7077978571711647
-0.3808356777363884, -0.09185207186773625
-0.8591399589254729, -0.3340609503835732
0.7044228869338092, 0.005514343351914031
-0.1892703627838268, 0.011000115613297723
-0.1705416713750525, 0.8875163838038178
0.19491737921025543, -0.12829805688090934
0.018808183379739107, -0.2462195207435558
0.0006218908345685392, -0.010047818089107263
-0.8268857685387787, -0.333291743961764
-0.27105852426994814, -0.0790193465296134
-0.17942928503443656, 0.4535450281528077
0.4325957744130322, 0.0035754149810702796
-0.20454497653482817, 0.10927053244297635
-0.9598641380072976, -0.1878140771705301
-0.5068458165219116, -0.6175935647624695
0.831359236382881, 0.17982914823860296
-0.3494758407577403, 0.8465430438952017
-0.21689699271202412, 0.1720346617532913
0.11745431022118002, -0.9873047934124222
0.4419777037215826, 0.19606015886021377
0.5567107533196562, -0.8251828601636297
-0.3059652742567096, -0.8132362224107248
0.10853879533469502, -0.8136437183979373
0.64930007361156, 0.024726459438473514
0.5739169583480097, 0.4559181889179462
0.8121916277347474, 0.5285228259518786
-0.42958896365214616, -0.2873826423709902
0.280505841573953, 0.22407014688562055
0.49724244002422613, -0.001984147969311012
0.7438603015284542, -0.13374891374639208
0.9508327206731411, -0.22352183677666604
0.41852054890239865, -0.7391637865465785
0.6278330910959107, -0.4164839108969174
0.686614934541802, -0.6926803704317079
0.779702706600629, -0.37925056426915793
0.8025065127591071, -0.39163104194471243
-0.18719284923717328, 0.14172555769775297
-0.026494025975085655, 0.8117920436895427
-0.6390948741077604, 0.5054136610236974
0.17085932765495393, -0.7905991671255455
-0.29607057363274647, 0.7681018673277493
-0.8073003111847303, -0.3410431292322298
-0.6272979653308031, -0.18158790459403806
-0.7478347419079066, -0.03644607605145711
0.08159691865976249, 0.15042677985600883
0.6601955460750726, -0.2550020508862407
0.07831255970538686, 0.11310473548954136
0.04775332322619774, 0.08591207706673165
0.5822508634062489, 0.1772248440105586
-0.6503198584207726, 0.32399176050741385
0.27589504996799263, 0.7018924244218023
-0.08313268280298969, -0.07201432870060454
-0.3680844734338271, -0.3245858325136801
0.11019825773074876, -0.18420905914548258
-0.1824583161309623, 0.7995379786878252
-0.20172821325106827, 0.10257794508790541
-0.17193701951513973, -0.3025051608817684
0.684705995432837, 0.3832369854518769
0.660577946630408, -0.5013053152352938
-0.7671826012237086, -0.4816222899810849
-0.3951335002332288, -0.3826156019021756
-0.019771620139713342, -0.15576113467397157
-0.9611696391397144, 0.24338793505471634
-0.583753682781142, -0.5814662097584278
-0.949126141898079, -0.22861096927939362
0.16032394393808036, -0.725984483580254
0.21791695869151018, 0.2815106578036437
-0.3501917954028715, -0.2824178198078451
0.9550652839510605, 0.13661314366952348
-0.7086907085924019, 0.5826615845241294
0.6338960259716995, -0.6298852842354086
-0.07014538603358278, 0.14724512284307267
-0.14572974543093187, -0.8591818408687337
0.14541174308417193, 0.7378018646845994
-0.1358813302233317, -0.21454428719586516
-0.29349528389847146, -0.18092568717349344
-0.711048813656213, -0.6638790492070674
-0.4980228044770456, -0.3662652713789607
0.7705587101997136, -0.49678433900144103
-0.6792055723983912, -0.5076122480823375
-0.23265920825941255, -0.6643616029373918
0.045851058934636146, -0.8705701443490066
0.1319610321115703, -0.7339449965573823
-0.03643311006247463, 0.34844074394732183
-0.6000056493795993, -0.702144057693113
-0.17350624489540944, 0.02981291711394385
-0.8606953349403996, 0.30963545327306385
0.4874818292069183, -0.20698460853862088
0.572945585348897, -0.17096750863748533
-0.8819272653881705, -0.4238417796149698
0.8841597058196955, 0.3654636737210448
0.4138697773098512, -0.522702120155693
0.3572986292927056, 0.5235783751295118
-0.5830551982517405, -0.3037886542343138
-0.24215931202101948, 0.24813310998672544
-0.8960712314561463, -0.13085281834164286
-0.517577600046899, 0.7681929738366413
0.11594345522546368, 0.2209398971051879
-0.4053338453648323, -0.23203155144668153
0.6233165129643234, -0.40179621938717025
0.05642095634825117, 0.9734849727656876
0.00921476338777416, -0.23539174327969747
-0.05386885396103036, 0.21663813687343292
-0.19835607517837617, -0.5733177518467656
-0.44771718276133643, -0.23125859701100238
-0.21400202228694187, -0.39374041093364265
-0.07083009011221675, -0.18884029130000823
0.6333923863404991, -0.7228603632996349
-0.3740360937398104, -0.41453584007286404
-0.16466190294928928, -0.12239744152007281
0.6321333563562144, -0.11749644436165463
-0.7912490995765697, 0.46323207883322803
-0.5363788806850263, 0.7177332957505438
-0.7785735101348332, 0.5384920947309999
